"How Jensen Huang's Nvidia Is Powering the A.I. Revolution"; https://www.newyorker.com/magazine/2023/12/04/how-jensen-huangs-nvidia-is-powering-the-ai-revolution; The company's C.E.O. bet it all on a new kind of chip, Stephen Witt writes. Now that Nvidia is one of the biggest companies in the world, what

"How Nvidia Came to Rule AI - WIRED"; https://www.wired.com/story/gadget-lab-podcast-634/; Read Lauren's interview with Nvidia cofounder and CEO, Jensen Huang. Read Will's story about the need for more chips in AI computing circles, ...

"Nvidia Unveils Successor to Its All-Conquering AI Processor"; https://ca.finance.yahoo.com/news/nvidia-unveils-successor-conquering-ai-203211758.html; Huang, Nvidia's co-founder, said AI ... Nvidia is “working with the most dynamic companies ... Celebrity Big Brother in 'fix' row after Louis Walsh ...

"Nvidia Is A Step Or Two Ahead Of AI Chip Rivals: Analyst"; https://www.investors.com/news/technology/nvidia-stock-nvda-gtc-2024-news-wall-street/; Nvidia wowed Wall Street with the breadth and depth of its artificial intelligence technologies announced on Monday. Nvidia stock rose.

"Nvidia announced a new generation of artificial intelligence chips ..."; https://www.tiktok.com/@cnbc/video/7347822174968909102; 11.4K Likes, 391 Comments. TikTok video from cnbc (@cnbc): “Nvidia announced a new ...

"NVIDIA breaks through with AI chip igniting industry excitement"; https://tickernews.co/nvidia-breaks-through-with-ai-chip-igniting-industry-excitement/; He also co-hosts the widely acclaimed podcast “New Heights” alongside his older brother, Jason Kelce. Travis Kelce. Football career. While ...

"If You Invested $1,000 in Artificial Intelligence (AI) Stock Nvidia for Its ..."; https://www.nasdaq.com/articles/if-you-invested-$1000-in-artificial-intelligence-ai-stock-nvidia-for-its-ipo-in-1999-heres; Nvidia's A100 and H100 GPUs are nothing short of the standard in AI-accelerated data centers. With demand easily outweighing the supply of these ...

"Nvidia GTC 2024 Live Blog: The Future of AI, Self-Driving Cars, and ..."; https://www.motortrend.com/features/nvidia-gtc-2024-ai-gpu-self-driving-cars-conference-live-blog/; And now, Nvidia and its hardware and software solutions are coming for the future of the car, via artificial intelligence (AI) and autonomous ...

"Nvidia launches NIM to make it smoother to deploy AI models into ..."; https://uk.news.yahoo.com/nvidia-launches-set-microservices-optimized-220053689.html; At its GTC conference, Nvidia today announced Nvidia NIM, a new software platform designed to streamline the deployment of custom and ...

"Nvidia-Blackwell: Next AI accelerator generation presented - Galaxus"; https://www.galaxus.de/en/page/nvidia-blackwell-next-ai-accelerator-generation-presented-32289; Nvidia-Blackwell: Next AI ... industry and Nvidia the third most valuable company in the world. ... From big data to big brother, Cyborgs to Sci-Fi.